timestamp,simple-path,time
"2022-04-30 22:01:33.998","/master/welcome",3311
"2022-04-30 22:01:35.218","/any/item/list",1078
"2022-04-30 22:01:36.62","/master/welcome",205
"2022-04-30 22:01:37.301","/any/item/list",552
"2022-04-30 22:01:38.696","/master/welcome",201
"2022-04-30 22:01:39.374","/any/item/list",553
"2022-04-30 22:01:40.756","/master/welcome",191
"2022-04-30 22:01:41.433","/any/item/list",551
"2022-04-30 22:01:42.843","/master/welcome",196
"2022-04-30 22:01:43.521","/any/item/list",556
"2022-04-30 22:01:44.908","/master/welcome",194
"2022-04-30 22:01:45.592","/any/item/list",557
"2022-04-30 22:01:46.98","/master/welcome",190
"2022-04-30 22:01:47.658","/any/item/list",550
"2022-04-30 22:01:49.037","/master/welcome",191
"2022-04-30 22:01:49.712","/any/item/list",553
"2022-04-30 22:01:51.096","/master/welcome",189
"2022-04-30 22:01:51.779","/any/item/list",554
"2022-04-30 22:01:53.151","/master/welcome",173
"2022-04-30 22:01:53.831","/any/item/list",552
"2022-04-30 22:01:55.239","/master/welcome",177
"2022-04-30 22:01:55.921","/any/item/list",557
"2022-04-30 22:01:57.309","/master/welcome",190
"2022-04-30 22:01:57.985","/any/item/list",551
"2022-04-30 22:01:59.387","/master/welcome",186
"2022-04-30 22:02:00.078","/any/item/list",564
"2022-04-30 22:02:02.475","/master/welcome",224
"2022-04-30 22:02:03.157","/any/item/list",557
"2022-04-30 22:02:04.533","/any/item/show",1093
"2022-04-30 22:02:05.35","/master/welcome",193
"2022-04-30 22:02:06.028","/any/item/list",555
"2022-04-30 22:02:06.867","/any/item/show",554
"2022-04-30 22:02:07.704","/master/welcome",206
"2022-04-30 22:02:08.383","/any/item/list",555
"2022-04-30 22:02:09.216","/any/item/show",554
"2022-04-30 22:02:10.034","/master/welcome",189
"2022-04-30 22:02:10.709","/any/item/list",551
"2022-04-30 22:02:11.541","/any/item/show",553
"2022-04-30 22:02:12.388","/master/welcome",193
"2022-04-30 22:02:13.063","/any/item/list",552
"2022-04-30 22:02:13.908","/any/item/show",562
"2022-04-30 22:02:14.726","/master/welcome",189
"2022-04-30 22:02:15.405","/any/item/list",555
"2022-04-30 22:02:16.243","/any/item/show",552
"2022-04-30 22:02:17.06","/master/welcome",190
"2022-04-30 22:02:17.738","/any/item/list",553
"2022-04-30 22:02:18.571","/any/item/show",551
"2022-04-30 22:02:19.391","/master/welcome",192
"2022-04-30 22:02:20.069","/any/item/list",555
"2022-04-30 22:02:20.917","/any/item/show",551
"2022-04-30 22:02:21.745","/master/welcome",203
"2022-04-30 22:02:22.424","/any/item/list",552
"2022-04-30 22:02:23.257","/any/item/show",553
"2022-04-30 22:02:24.099","/master/welcome",206
"2022-04-30 22:02:24.785","/any/item/list",554
"2022-04-30 22:02:25.619","/any/item/show",552
"2022-04-30 22:02:26.424","/master/welcome",179
"2022-04-30 22:02:27.104","/any/item/list",557
"2022-04-30 22:02:27.941","/any/item/show",558
"2022-04-30 22:02:28.77","/master/welcome",194
"2022-04-30 22:02:29.445","/any/item/list",553
"2022-04-30 22:02:30.277","/any/item/show",554
"2022-04-30 22:02:31.087","/master/welcome",176
"2022-04-30 22:02:31.761","/any/item/list",549
"2022-04-30 22:02:32.601","/any/item/show",555
